model,MSE-loss,Regret
Two-stage,10.338966131210327,484.9998872253469
SPO,30.742856979370117,186.28346254966596
QPTL,1547.677001953125,341.28346559499903
HSD,46.487937927246094,484.9998872253469
Two-stage,11.489776372909546,484.9998872253469
SPO,29.025318145751953,186.2834631105368
QPTL,1628.1358032226562,186.2834631105368
HSD,52.92932891845703,1970.0000114782497
