model,MSE-loss,Regret
Two-stage,9.85084342956543,484.9998872253469
SPO,29.64547348022461,186.28346254966596
QPTL,1550.0462036132812,951.2836600799805
HSD,70.80496215820312,341.28346559499903
Two-stage,12.057142972946167,484.9998872253469
SPO,26.173673152923584,484.9998872253469
QPTL,1420.4392700195312,186.2834631105368
HSD,72.47542572021484,7753.447638158403
